{"cameraMode":{"drawMode":0,"name":"Shaded","section":"Shading Mode"},"sceneLighting":true,"audioPlay":false,"sceneViewState":{"showFog":true,"showMaterialUpdate":false,"showSkybox":true,"showFlares":true,"showImageEffects":true,"showParticleSystems":true},"in2DMode":false,"pivot":{"x":1.4915292263031006,"y":-41.990760803222659,"z":37.13930892944336},"rotation":{"x":0.46831536293029787,"y":-0.018552221357822419,"z":0.009836023673415184,"w":0.88331139087677},"size":48.92869186401367,"orthographic":false}